305dc9402f484be9b690d5461437013e0d5d50fc6964582e96ddfe0019447f69	24898	PanVK-G720-Bionic-NDK-Retry-Build-0521a325.txt
9ddcf0202e194fe980d2732982397e8bedb51503375bc1c739695041bedfdf10	1003391	PanVK-G720-Bionic-HostTools-And-Build-Audit-0521a325.txt
0cfd5db85b8158e25f73c8fe3b390673d064a28f7bf8146f9d6fc3053747ada7	81998	PanVK-G720-Bionic-CleanHost-And-Target-Audit-0521a325.txt
ab5155f7867af9ce2dff13c25e3ec6cfbb4349539e62c9115dc4a483780ff09e	48532	PanVK-G720-Bionic-Target-Build-Audit-0521a325.txt
818c98498e744b7df2f9d2c1de594dba4e3c5ba58950f0a713605fdfc5e14159	3084	PanVK-G720-Bionic-Libdrm-Fallback-0521a325.txt
bb6b8c073a1bc211db24c1dedabbff575a3dc1ae8f0d694d0a7db5ea5c637e50	128	PanVK-G720-Bionic-NDK-Retry-0521a325.txt
b4e2d19fb553c2c9e024aff1fa7cf25deaa12f4fa79ddc4a0cc975f537b52a47	2385	PanVK-G720-Bionic-NDK-Symlink-Build-0521a325.txt
0799c693fb1b7fb410a8a2d8cf0e41dc4cd4997c9335d2c944e14d5241d008c8	16629	PanVK-G720-Bionic-Meson-Reaudit-0521a325.txt
e7c316274fb6f2bcf088704b82444f048ce0b932751a164e91efb915d7e44eaf	34167	PanVK-G720-Bionic-Libdrm-Build-0521a325.txt
c467aaeaf464efad45a7533756ac38c72bcca7339f6244891e21358bb8894e0a	9274	PanVK-G720-Bionic-Kmod-Dispatch-Link-Audit-0521a325.txt
ee1952807f8a6ec6ead15642bcb73368db5cbde011123bc835554893e45d7d7a	25	PanVK-G720-Bionic-StaticLibdrm-Audit-0521a325.txt
f5ac2362f57668bc9a82fa47cc80a067d19dce84ce7fc4f06133a224c51a1796	4456	PanVK-G720-Bionic-StaticLibdrm-Audit-0521a325-v2.txt
4951a45d9e4e64a1953a9ef038f1226e39e1e5d2eec96b25452540ab843acb47	1505	PanVK-G720-Bionic-StaticLibdrm-PathFix-Audit-0521a325.txt
12443bf64098813bec4730f10c0e9c9873f023840bf29eccde8d2615e212cca2	1051	PanVK-G720-Bionic-Installed-ELF-Audit-0521a325.txt
f755e611e393d39c7da591e58588473b84a600cc19e9260e0165b9603ea81205	2981	PanVK-G720-Bionic-RuntimeInstall-Audit-0521a325.txt
a55a392f813c3e18bea1d85efe6bc2ea6f6beb56c2ceb0229ba27dc287a07fda	5504	Winlator-Mali-1.1-PanVK-G720-0521a325-Audit.txt
7ebedef0a2367cc74b444186e6ba1be6b93553a4eec867e0633e4d58ada2d6db	5287	Winlator-Mali-1.1-PanVK-G720-0521a325-ZipalignFix-Audit.txt
09fa7a64386d41756b4e31d7145cd00882f52988d735353f4ff828396eb49a92	1632	PanVK-NEXT-REPORT.txt
4580d0f82cc307313a4a10279b1ecf3b03e6beb9b590c5f100038472fcd78a99	595	Winlator-PanVK-Local-Install-Preflight.txt
f5f6873595b3568edcbe8c003764e7fa6a1e001a9822a8c470e20f0af793db12	438	Winlator-PanVK-Installer-Launch-Audit.txt
9ec0acb1742662f1806976c6fdc66e37172df1b9baa3cdc3bc741be964ca3bc0	1219	PanVK-Ludashi-Control-Audit.txt
b42c32373f4d0f839e05b946b17ddf90226da2782aaa10ebcee15ff2eb687c97	10095	Winlator-PanVK-APK-Parse-Audit.txt
cb7fef92ec6803d5f1590b0a567ed4b26f68ee0f19359b2c7f7fdcac25dcbd96	3487	Winlator-PanVK-Install-RootCause-Audit.txt
7f5eb81a12fc74b6c77ac639163b0cb4427ff746dbc38a009b146b5ac0d9ab07	2145	Winlator-PanVK-Android-User-Audit.txt
90506a0591af91b6568b6137ba1e5c23f5beff36ba14bdadae41daadea687a06	887	Winlator-PanVK-Root-PM-Install-Audit.txt
0f3b0cfcef61a2992e209850ec93a63d8a8b860cfb5572e44c33fc4274052b69	166	Winlator-PanVK-Wireless-ADB-Install-Audit.txt
b67a57e3e305fdb615ff8c96724ab8acfbd1720ee2400a33c037b5bcb15348a1	367	Winlator-Mali-Official-Base-Recovery-Audit.txt
91d56414280dde0e3c0dff37558762948567a8cad8482e6dcf35c838c5011b33	3313	PanVK-Ludashi-Surgical-Package-Audit.txt
962357519e4de7fe47b7c4757b515f71c495f17cccdafa92b6b7f6b930c8b3cf	137480	PanVK-G720-FL11-Tess-Dev-Audit.txt
91775f50d68bd54116c42cb006e8f4ccb2fe70e95e2167664a21fe3bd4691f10	91753	PanVK-G720-Tess-Closure-Design-Audit.txt
2db8f5a06afd915de6ad0d07e052f24f32064a09e53f0a6cd63e23d6ecaa3f4c	11	PanVK-G720-Tess-Restore-Validated-Path-Audit.txt
c2e0eac7b97b1e03797d93af97c4d04914fe5828afa423ef5ea5f38084ca97a7	9078	PanVK-G720-Tess-Restore-Build-Audit-v3.txt
2129671691dea31b11aeecd0e8d2ca4c48fd5d132fabb6459ea9d368df70cfd7	2945	PanVK-G720-Tess-FullPath-HW-Revalidate.txt
